Watershed,Plot_ID,Transect_ID,Species_code,Diam_cm,Transect_position,Clip_frame,Year
4B,1,C,PRAM,4.21,6,,2023
4B,1,C,PRAM,3.34,10,,2023
4B,1,C,CODR,5.81,12,,2023
4B,1,C,CODR,4.94,12,,2023
4B,1,C,PRAM,3.79,12,,2023
4B,1,C,CODR,4.98,14,,2023
4B,1,C,CODR,3.73,14,,2023
4B,1,C,CODR,4.4,14,,2023
4B,1,C,CODR,5.1,16,,2023
4B,1,C,CODR,4.49,16,,2023
4B,1,C,CODR,4.03,16,,2023
4B,1,C,CODR,4.3,16,,2023
4B,1,C,CODR,3.31,16,,2023
4B,1,C,CODR,5.87,16,,2023
4B,1,C,CODR,2.81,16,,2023
4B,1,C,CODR,3.85,18,,2023
4B,1,C,CODR,3.89,20,,2023
4B,1,C,CODR,3.09,20,,2023
4B,1,C,CODR,5.65,20,,2023
4B,1,C,CODR,5.88,20,,2023
4B,1,C,CODR,5.53,22,,2023
4B,1,C,CODR,5.32,22,,2023
4B,2,A,CODR,6.73,2,,2023
4B,2,A,CODR,4.6,2,,2023
4B,2,A,CODR,5.67,2,,2023
4B,2,A,CODR,7.04,2,,2023
4B,2,A,CODR,5.79,4,,2023
4B,2,A,CODR,4.22,4,,2023
4B,2,A,CODR,4.49,4,,2023
4B,2,A,CODR,6.46,4,,2023
4B,2,A,PRAM,5.6,4,,2023
4B,2,A,CODR,8.22,6,,2023
4B,2,A,CODR,5.08,6,,2023
4B,2,A,CODR,5.45,6,,2023
4B,2,A,PRAM,12.22,6,,2023
4B,2,A,PRAM,8.51,6,,2023
4B,2,A,CODR,3.77,6,,2023
4B,2,A,CODR,6.01,8,,2023
4B,2,A,CODR,8.18,8,,2023
4B,2,A,RHGL,6.62,8,,2023
4B,2,A,PRAM,9.13,10,,2023
4B,2,A,CODR,6.41,10,,2023
4B,2,A,CODR,7.18,10,,2023
4B,2,A,CODR,4.73,12,,2023
4B,2,A,PRAM,3.73,12,,2023
4B,2,A,PRAM,6.61,12,,2023
4B,2,A,PRAM,8.59,12,,2023
4B,2,A,PRAM,7.31,12,,2023
4B,2,A,PRAM,3.98,12,,2023
4B,2,A,CODR,5.63,14,,2023
4B,2,A,CODR,7.36,14,,2023
4B,2,A,CODR,8.33,14,,2023
4B,2,A,CODR,3.42,16,,2023
4B,2,A,CODR,11.42,16,,2023
4B,2,A,CODR,1.74,16,,2023
4B,2,A,CODR,5.17,16,,2023
4B,2,A,CODR,2.61,16,,2023
4B,2,A,CODR,5.61,18,,2023
4B,2,A,CODR,8.55,18,,2023
4B,2,A,CODR,4.55,18,,2023
4B,2,A,CODR,7.38,18,,2023
4B,2,A,CODR,6.8,18,,2023
4B,2,A,CODR,5.02,18,,2023
4B,2,A,CODR,3.35,18,,2023
4B,2,A,CODR,3.49,20,,2023
4B,2,A,CODR,5.61,20,,2023
4B,2,A,CODR,2.93,20,,2023
4B,2,A,PRAM,6.09,20,,2023
4B,2,A,PRAM,7.59,20,,2023
4B,2,A,CODR,7.33,22,,2023
4B,2,A,CODR,7.31,22,,2023
4B,2,A,CODR,4.31,22,,2023
4B,2,A,CODR,8.72,22,,2023
4B,2,B,CODR,6.44,2,,2023
4B,2,B,CODR,3.99,2,,2023
4B,2,B,CODR,5.47,2,,2023
4B,2,B,CODR,3.8,2,,2023
4B,2,B,CODR,5.24,2,,2023
4B,2,B,CODR,2.89,2,,2023
4B,2,B,CODR,4.89,4,,2023
4B,2,B,CODR,3.79,4,,2023
4B,2,B,CODR,3.97,4,,2023
4B,2,B,CODR,3.14,4,,2023
4B,2,B,CODR,3.08,4,,2023
4B,2,B,CODR,3.46,4,,2023
4B,2,B,CODR,4.63,4,,2023
4B,2,B,CODR,5.86,6,,2023
4B,2,B,CODR,5.62,6,,2023
4B,2,B,CODR,3.86,6,,2023
4B,2,B,CODR,3.3,6,,2023
4B,2,B,CODR,8.1,6,,2023
4B,2,B,CODR,4.7,8,,2023
4B,2,B,CODR,2.81,8,,2023
4B,2,B,CODR,4.72,8,,2023
4B,2,B,CODR,3.42,8,,2023
4B,2,B,CODR,3.72,8,,2023
4B,2,B,CODR,2.58,8,,2023
4B,2,B,PRAM,6.27,8,,2023
4B,2,B,CODR,5.68,10,,2023
4B,2,B,CODR,4.56,12,,2023
4B,2,B,CODR,4.13,12,,2023
4B,2,B,CODR,7.09,12,,2023
4B,2,B,CODR,10.16,12,,2023
4B,2,B,CODR,6.9,14,,2023
4B,2,B,CODR,4.34,14,,2023
4B,2,B,CODR,5.6,14,,2023
4B,2,B,CODR,6.57,14,,2023
4B,2,B,CODR,6.57,14,,2023
4B,2,B,CODR,5.21,14,,2023
4B,2,B,CODR,5.09,14,,2023
4B,2,B,CODR,5.91,14,,2023
4B,2,B,CODR,7.09,14,,2023
4B,2,B,CODR,2.65,16,,2023
4B,2,B,CODR,3.81,16,,2023
4B,2,B,CODR,6.39,18,,2023
4B,2,B,CODR,5.04,18,,2023
4B,2,B,CODR,3.56,18,,2023
4B,2,B,CODR,4.15,18,,2023
4B,2,B,CODR,7.7,20,,2023
4B,2,B,CODR,10.64,20,,2023
4B,2,B,CODR,8.14,20,,2023
4B,2,B,PRAM,5.4,22,,2023
4B,2,B,CODR,4.82,22,,2023
4B,2,C,PRAM,8.1,2,,2023
4B,2,C,PRAM,6.18,2,,2023
4B,2,C,PRAM,2.27,2,,2023
4B,2,C,CODR,7.01,2,,2023
4B,2,C,CODR,2.65,2,,2023
4B,2,C,CODR,4.3,2,,2023
4B,2,C,CODR,3.63,4,,2023
4B,2,C,CODR,5.53,4,,2023
4B,2,C,CODR,4.67,4,,2023
4B,2,C,CODR,2.11,4,,2023
4B,2,C,PRAM,7.14,6,,2023
4B,2,C,CODR,6.6,6,,2023
4B,2,C,CODR,4.7,6,,2023
4B,2,C,CODR,4.6,8,,2023
4B,2,C,CODR,7.48,8,,2023
4B,2,C,CODR,4.62,8,,2023
4B,2,C,CODR,4.7,8,,2023
4B,2,C,CODR,7.72,8,,2023
4B,2,C,CODR,5.05,8,,2023
4B,2,C,CODR,5.23,10,,2023
4B,2,C,CODR,8.2,10,,2023
4B,2,C,CODR,7.14,10,,2023
4B,2,C,CODR,10.05,10,,2023
4B,2,C,PRAM,3.89,12,,2023
4B,2,C,PRAM,7.03,12,,2023
4B,2,C,CODR,7.89,12,,2023
4B,2,C,CODR,10.37,12,,2023
4B,2,C,CODR,10.6,12,,2023
4B,2,C,CODR,9.94,12,,2023
4B,2,C,CODR,9.12,12,,2023
4B,2,C,CODR,10.93,14,,2023
4B,2,C,CODR,4.45,14,,2023
4B,2,C,CODR,5.39,14,,2023
4B,2,C,RHGL,6.5,14,,2023
4B,2,C,PRAM,7.16,14,,2023
4B,2,C,PRAM,4.88,14,,2023
4B,2,C,CODR,7.56,16,,2023
4B,2,C,CODR,3.99,16,,2023
4B,2,C,CODR,4.45,16,,2023
4B,2,C,CODR,4.04,16,,2023
4B,2,C,PRAM,7.39,18,,2023
4B,2,C,PRAM,8.38,18,,2023
4B,2,C,PRAM,8.49,18,,2023
4B,2,C,PRAM,11.71,20,,2023
4B,2,C,PRAM,6.03,20,,2023
4B,2,C,PRAM,3.71,20,,2023
4B,2,C,PRAM,5.8,20,,2023
4B,2,C,PRAM,6.47,22,,2023
4B,2,C,PRAM,6.61,22,,2023
4B,2,C,PRAM,5.35,22,,2023
4B,2,C,PRAM,7.73,22,,2023
4B,2,C,PRAM,6.94,22,,2023
4B,2,C,PRAM,7.57,22,,2023
4B,2,C,PRAM,12.32,22,,2023
4B,3,A,PRAM,6.15,2,,2023
4B,3,A,PRAM,3.53,2,,2023
4B,3,A,CODR,10.74,2,,2023
4B,3,A,PRAM,5.93,4,,2023
4B,3,A,PRAM,4.02,4,,2023
4B,3,A,PRAM,2.33,4,,2023
4B,3,A,CODR,7.42,4,,2023
4B,3,A,CODR,3.18,4,,2023
4B,3,A,CODR,2.99,4,,2023
4B,3,A,CODR,6.52,6,,2023
4B,3,A,CODR,5.09,6,,2023
4B,3,A,CODR,5.59,6,,2023
4B,3,A,PRAM,5.02,6,,2023
4B,3,A,PRAM,3.33,6,,2023
4B,3,A,PRAM,4.28,6,,2023
4B,3,A,PRAM,5.92,6,,2023
4B,3,A,PRAM,7.18,8,,2023
4B,3,A,PRAM,3.75,8,,2023
4B,3,A,PRAM,5.62,8,,2023
4B,3,A,PRAM,6.52,8,,2023
4B,3,A,PRAM,7.04,10,,2023
4B,3,A,PRAM,7.57,10,,2023
4B,3,A,PRAM,5.86,10,,2023
4B,3,A,PRAM,6.93,10,,2023
4B,3,A,PRAM,8.16,10,,2023
4B,3,A,PRAM,4.97,12,,2023
4B,3,A,PRAM,6.28,12,,2023
4B,3,A,PRAM,5.27,12,,2023
4B,3,A,PRAM,4.32,14,,2023
4B,3,A,PRAM,7.15,14,,2023
4B,3,A,PRAM,10.13,16,,2023
4B,3,A,PRAM,8,16,,2023
4B,3,A,PRAM,4.2,16,,2023
4B,3,A,PRAM,10.5,20,,2023
4B,3,A,PRAM,7.76,20,,2023
4B,3,A,PRAM,7.97,22,,2023
4B,3,B,CODR,6.69,2,,2023
4B,3,B,CODR,4.63,2,,2023
4B,3,B,CODR,7.16,4,,2023
4B,3,B,CODR,6.52,6,,2023
4B,3,B,CODR,5.57,6,,2023
4B,3,B,CODR,3.44,10,,2023
4B,3,B,CODR,3.46,10,,2023
4B,3,B,CODR,5.27,10,,2023
4B,3,B,CODR,4.91,10,,2023
4B,3,B,CODR,8.39,10,,2023
4B,3,B,CODR,5.31,12,,2023
4B,3,B,CODR,3.15,14,,2023
4B,3,B,CODR,3.78,14,,2023
4B,3,B,CODR,5.16,14,,2023
4B,3,B,CODR,2.61,14,,2023
4B,3,B,CODR,3.05,14,,2023
4B,3,B,CODR,4.09,14,,2023
4B,3,B,CODR,4.97,14,,2023
4B,3,B,CODR,3.93,14,,2023
4B,3,B,CODR,6.47,16,,2023
4B,3,B,CODR,6.58,16,,2023
4B,3,B,CODR,6.06,16,,2023
4B,3,B,CODR,5.58,16,,2023
4B,3,B,CODR,4.69,18,,2023
4B,3,B,CODR,4.75,18,,2023
4B,3,C,PRAM,5.35,2,,2023
4B,3,C,CODR,4.6,2,,2023
4B,3,C,CODR,4.39,2,,2023
4B,3,C,PRAM,5.24,2,,2023
4B,3,C,PRAM,2.32,2,,2023
4B,3,C,CODR,8.87,10,,2023
4B,3,C,CODR,3.72,10,,2023
4B,3,C,CODR,3.66,12,,2023
4B,3,C,CODR,4.67,12,,2023
4B,3,C,CODR,6.71,18,,2023
4B,3,C,CODR,5.08,22,,2023
4B,4,A,CODR,4.99,2,,2023
4B,4,A,CODR,5.4,2,,2023
4B,4,A,CODR,4.77,2,,2023
4B,4,A,CODR,8.13,2,,2023
4B,4,A,RHGL,8.87,2,,2023
4B,4,A,RHGL,13.33,4,,2023
4B,4,A,RHGL,11.73,4,,2023
4B,4,A,CODR,6.83,4,,2023
4B,4,A,CODR,2.49,4,,2023
4B,4,A,CODR,6.77,4,,2023
4B,4,A,CODR,3.47,6,,2023
4B,4,A,CODR,4.96,6,,2023
4B,4,A,CODR,5.06,6,,2023
4B,4,A,CODR,4.54,6,,2023
4B,4,A,CODR,4.83,8,,2023
4B,4,A,CODR,2.43,8,,2023
4B,4,A,CODR,3.42,8,,2023
4B,4,A,CODR,3.47,8,,2023
4B,4,A,CODR,3.13,8,,2023
4B,4,A,CODR,3.02,8,,2023
4B,4,A,CODR,4.38,8,,2023
4B,4,A,CODR,2.75,8,,2023
4B,4,A,CODR,0.56,8,,2023
4B,4,A,CODR,2.6,8,,2023
4B,4,A,CODR,4.91,8,,2023
4B,4,A,CODR,3.51,10,,2023
4B,4,A,CODR,8.97,10,,2023
4B,4,A,CODR,2.55,10,,2023
4B,4,A,CODR,5.05,10,,2023
4B,4,A,CODR,7.63,10,,2023
4B,4,A,CODR,5.49,10,,2023
4B,4,A,CODR,7.68,12,,2023
4B,4,A,CODR,4.64,12,,2023
4B,4,A,CODR,7,12,,2023
4B,4,A,CODR,6.28,12,,2023
4B,4,A,CODR,5.8,12,,2023
4B,4,A,CODR,7.43,12,,2023
4B,4,A,CODR,5.67,12,,2023
4B,4,A,CODR,3.95,12,,2023
4B,4,A,CODR,3.04,12,,2023
4B,4,A,CODR,3.8,12,,2023
4B,4,A,CODR,7.35,12,,2023
4B,4,A,CODR,2.55,12,,2023
4B,4,A,CODR,3.18,12,,2023
4B,4,A,CODR,5,14,,2023
4B,4,A,CODR,5.63,14,,2023
4B,4,A,CODR,3.95,14,,2023
4B,4,A,CODR,6.91,14,,2023
4B,4,A,CODR,2.95,14,,2023
4B,4,A,CODR,4.3,14,,2023
4B,4,A,CODR,8.37,16,,2023
4B,4,A,CODR,3.04,16,,2023
4B,4,A,CODR,3.13,16,,2023
4B,4,A,CODR,8.22,16,,2023
4B,4,A,CODR,7.81,16,,2023
4B,4,A,CODR,6.6,16,,2023
4B,4,A,CODR,9.58,16,,2023
4B,4,A,CODR,5.8,16,,2023
4B,4,A,CODR,6.53,18,,2023
4B,4,A,CODR,6.34,18,,2023
4B,4,A,CODR,7.51,18,,2023
4B,4,A,CODR,6.53,18,,2023
4B,4,A,CODR,6.53,18,,2023
4B,4,A,CODR,6.44,18,,2023
4B,4,A,CODR,6.29,18,,2023
4B,4,A,CODR,6.72,20,,2023
4B,4,A,CODR,9.26,20,,2023
4B,4,A,CODR,7.48,20,,2023
4B,4,A,CODR,8.46,20,,2023
4B,4,A,CODR,6.13,20,,2023
4B,4,A,CODR,7.98,20,,2023
4B,4,A,CODR,5.89,22,,2023
4B,4,A,CODR,9.9,22,,2023
4B,4,A,CODR,5.31,22,,2023
4B,4,A,CODR,9.41,22,,2023
4B,4,B,RHGL,5.69,6,,2023
4B,4,B,RHGL,5.82,6,,2023
4B,4,B,RHGL,4.27,8,,2023
4B,4,B,PRAM,7.65,14,,2023
4B,4,B,PRAM,7.91,14,,2023
4B,4,B,PRAM,3.42,16,,2023
4B,4,C,RHGL,20.17,2,,2023
4B,4,C,CODR,6.56,6,,2023
4B,4,C,CODR,9.33,6,,2023
4B,4,C,CODR,6.8,6,,2023
4B,4,C,RHGL,6.95,6,,2023
4B,4,C,CODR,7.59,8,,2023
4B,4,C,CODR,5.16,8,,2023
4B,4,C,RHGL,12.42,8,,2023
4B,4,C,RHGL,13.44,8,,2023
4B,4,C,CODR,3.46,10,,2023
4B,4,C,CODR,5.36,10,,2023
4B,4,C,CODR,8.63,10,,2023
4B,4,C,CODR,3.89,10,,2023
4B,4,C,CODR,9.15,10,,2023
4B,4,C,CODR,7.47,10,,2023
4B,4,C,CODR,12.35,10,,2023
4B,4,C,RHGL,9.76,10,,2023
4B,4,C,RHGL,10.76,10,,2023
4B,4,C,CODR,9.66,12,,2023
4B,4,C,CODR,8.3,12,,2023
4B,4,C,CODR,8.64,12,,2023
4B,4,C,CODR,5.3,12,,2023
4B,4,C,CODR,6.77,14,,2023
4B,4,C,CODR,2.76,14,,2023
4B,4,C,CODR,8.76,14,,2023
4B,4,C,CODR,6.58,14,,2023
4B,4,C,RHGL,10.94,14,,2023
4B,4,C,RHGL,10.34,14,,2023
4B,4,C,RHGL,11.83,14,,2023
4B,4,C,RHGL,13.4,16,,2023
4B,4,C,RHGL,11.74,16,,2023
4B,4,C,RHGL,10.43,16,,2023
4B,4,C,RHGL,15.46,16,,2023
4B,4,C,CODR,3.74,18,,2023
4B,4,C,CODR,9.42,18,,2023
4B,4,C,CODR,6.13,18,,2023
4B,4,C,CODR,9.11,18,,2023
4B,4,C,CODR,7.4,18,,2023
4B,4,C,CODR,12.73,20,,2023
4B,4,C,CODR,6.21,20,,2023
4B,4,C,CODR,10,20,,2023
4B,4,C,CODR,8.05,20,,2023
4B,4,C,CODR,8.7,22,,2023
4B,5,A,CODR,7.26,10,,2023
4B,5,A,CODR,2.36,10,,2023
4B,5,A,CODR,6.78,12,,2023
4B,5,A,CODR,4.74,12,,2023
4B,5,A,CODR,4.59,12,,2023
4B,5,A,CODR,9.76,12,,2023
4B,5,A,CODR,4.53,12,,2023
4B,5,A,CODR,4.1,12,,2023
4B,5,A,CODR,8.28,12,,2023
4B,5,A,CODR,5.83,12,,2023
4B,5,A,CODR,4.96,14,,2023
4B,5,A,CODR,3.28,14,,2023
4B,5,A,CODR,5.95,14,,2023
4B,5,A,CODR,4.95,14,,2023
4B,5,A,CODR,2.34,14,,2023
4B,5,A,CODR,2.16,14,,2023
4B,5,A,CODR,4.43,14,,2023
4B,5,A,CODR,4.17,14,,2023
4B,5,A,CODR,2.55,16,,2023
4B,5,A,CODR,3.49,16,,2023
4B,5,A,CODR,6.23,16,,2023
4B,5,A,CODR,3.1,16,,2023
4B,5,A,CODR,7.75,16,,2023
4B,5,A,CODR,7.43,16,,2023
4B,5,A,CODR,8.17,16,,2023
4B,5,A,CODR,6.09,16,,2023
4B,5,A,CODR,6.41,18,,2023
4B,5,A,CODR,5.52,18,,2023
4B,5,A,CODR,6.95,18,,2023
4B,5,A,CODR,5.66,18,,2023
4B,5,A,CODR,7.25,18,,2023
4B,5,A,CODR,3.13,18,,2023
4B,5,A,CODR,2.52,20,,2023
4B,5,A,CODR,2.51,22,,2023
4B,5,B,CODR,5.74,2,,2023
4B,5,B,CODR,5.67,2,,2023
4B,5,B,CODR,5.84,2,,2023
4B,5,B,CODR,4.7,4,,2023
4B,5,B,CODR,6.67,4,,2023
4B,5,B,CODR,6.64,4,,2023
4B,5,B,CODR,6.51,4,,2023
4B,5,B,CODR,3.77,6,,2023
4B,5,B,CODR,3.67,6,,2023
4B,5,B,CODR,4.05,6,,2023
4B,5,B,CODR,3.92,6,,2023
4B,5,B,CODR,3.7,6,,2023
4B,5,B,CODR,2.35,6,,2023
4B,5,B,CODR,3.96,6,,2023
4B,5,B,CODR,4.32,6,,2023
4B,5,B,PRAM,5.62,6,,2023
4B,5,B,CODR,5.44,8,,2023
4B,5,B,CODR,9.44,8,,2023
4B,5,B,CODR,4.52,8,,2023
4B,5,B,CODR,8.32,8,,2023
4B,5,B,CODR,3.8,8,,2023
4B,5,B,CODR,2.74,8,,2023
4B,5,B,CODR,6.04,8,,2023
4B,5,B,CODR,11.16,8,,2023
4B,5,B,CODR,4.97,8,,2023
4B,5,B,CODR,8.17,8,,2023
4B,5,B,CODR,8.24,8,,2023
4B,5,B,PRAM,4.28,8,,2023
4B,5,B,PRAM,11.5,8,,2023
4B,5,B,CODR,7.22,10,,2023
4B,5,B,CODR,3.78,10,,2023
4B,5,B,CODR,4.62,10,,2023
4B,5,B,CODR,3.47,12,,2023
4B,5,B,CODR,5.12,12,,2023
4B,5,B,CODR,3.34,12,,2023
4B,5,B,CODR,7.55,12,,2023
4B,5,B,CODR,8.52,12,,2023
4B,5,B,CODR,8.31,12,,2023
4B,5,B,CODR,9.1,12,,2023
4B,5,B,CODR,3.41,12,,2023
4B,5,B,CODR,7.49,12,,2023
4B,5,B,PRAM,4.83,12,,2023
4B,5,B,CODR,4.66,14,,2023
4B,5,B,CODR,9.47,14,,2023
4B,5,B,CODR,2.88,14,,2023
4B,5,B,CODR,5.99,14,,2023
4B,5,B,CODR,5.89,14,,2023
4B,5,B,CODR,4.58,14,,2023
4B,5,B,CODR,6.92,14,,2023
4B,5,B,CODR,6.59,14,,2023
4B,5,B,PRAM,8.15,14,,2023
4B,5,B,CODR,6.76,16,,2023
4B,5,B,CODR,7.93,16,,2023
4B,5,B,CODR,7.51,16,,2023
4B,5,B,CODR,5.7,16,,2023
4B,5,B,CODR,6.26,16,,2023
4B,5,B,CODR,6.86,16,,2023
4B,5,B,CODR,4.11,16,,2023
4B,5,B,CODR,3.24,16,,2023
4B,5,B,CODR,4.78,16,,2023
4B,5,B,CODR,5.39,18,,2023
4B,5,B,CODR,6.28,18,,2023
4B,5,B,CODR,3.82,18,,2023
4B,5,B,CODR,3.24,18,,2023
4B,5,B,CODR,4.93,22,,2023
4B,5,B,CODR,4.49,22,,2023
4B,5,B,CODR,3.62,22,,2023
4B,5,C,CODR,4.35,6,,2023
4B,5,C,CODR,5.05,6,,2023
4B,5,C,CODR,2.48,6,,2023
4B,5,C,CODR,5.97,6,,2023
4B,5,C,CODR,6.36,8,,2023
4B,5,C,CODR,3.35,8,,2023
4B,5,C,CODR,4.91,8,,2023
4B,5,C,CODR,11.34,8,,2023
4B,5,C,CODR,8.4,8,,2023
4B,5,C,CODR,6.26,8,,2023
4B,5,C,CODR,11.24,10,,2023
4B,5,C,CODR,9.34,10,,2023
4B,5,C,CODR,12.54,10,,2023
4B,5,C,CODR,7.21,10,,2023
4B,5,C,CODR,12.9,10,,2023
4B,5,C,CODR,9.74,10,,2023
4B,5,C,CODR,8.17,10,,2023
4B,5,C,CODR,10.03,12,,2023
4B,5,C,CODR,7.98,12,,2023
4B,5,C,CODR,4.76,12,,2023
4B,5,C,CODR,8.35,12,,2023
4B,5,C,CODR,8.68,12,,2023
4B,5,C,CODR,8.87,12,,2023
4B,5,C,CODR,10.12,12,,2023
4B,5,C,CODR,11.4,14,,2023
4B,5,C,CODR,10.03,14,,2023
4B,5,C,CODR,5.67,14,,2023
4B,5,C,CODR,6.24,14,,2023
4B,5,C,CODR,3.59,14,,2023
4B,5,C,CODR,12.85,16,,2023
4B,5,C,CODR,4.61,16,,2023
4B,5,C,CODR,3.25,16,,2023
4B,5,C,CODR,3.66,16,,2023
4B,5,C,CODR,8.66,16,,2023
4B,5,C,CODR,11.27,16,,2023
4B,5,C,CODR,8.72,16,,2023
4B,5,C,CODR,10.35,16,,2023
4B,5,C,CODR,5.06,16,,2023
4B,5,C,CODR,8.29,16,,2023
4B,5,C,CODR,6.12,18,,2023
4B,5,C,CODR,6.05,18,,2023
4B,5,C,CODR,5.03,18,,2023
4B,5,C,CODR,12.04,18,,2023
4B,5,C,CODR,13.29,18,,2023
4B,5,C,CODR,11.7,18,,2023
4B,5,C,CODR,13.46,20,,2023
4B,5,C,CODR,2.91,20,,2023
4B,5,C,CODR,8.35,20,,2023
4B,5,C,CODR,12.41,20,,2023
4B,5,C,CODR,10.48,20,,2023
4B,5,C,CODR,7.58,20,,2023
4B,5,C,CODR,7.48,20,,2023
4B,5,C,CODR,7.42,22,,2023
4B,5,C,CODR,7.32,22,,2023
4B,5,C,CODR,10.46,22,,2023
4B,6,A,CODR,7.96,2,,2023
4B,6,A,CODR,6.03,2,,2023
4B,6,A,CODR,5.7,2,,2023
4B,6,A,CODR,4.47,2,,2023
4B,6,A,CODR,5.77,2,,2023
4B,6,A,CODR,5.53,2,,2023
4B,6,A,CODR,4.69,2,,2023
4B,6,A,CODR,8.87,4,,2023
4B,6,A,CODR,5.99,4,,2023
4B,6,A,CODR,6.29,4,,2023
4B,6,A,CODR,6.19,4,,2023
4B,6,A,CODR,6.55,6,,2023
4B,6,A,CODR,5.69,6,,2023
4B,6,A,CODR,7.43,6,,2023
4B,6,A,CODR,4.99,6,,2023
4B,6,A,CODR,9.2,6,,2023
4B,6,A,CODR,5.64,6,,2023
4B,6,A,CODR,9.67,8,,2023
4B,6,A,CODR,6.39,8,,2023
4B,6,A,CODR,6.55,8,,2023
4B,6,A,CODR,8.78,8,,2023
4B,6,A,CODR,9.62,8,,2023
4B,6,A,CODR,6.43,8,,2023
4B,6,A,CODR,10.93,8,,2023
4B,6,A,CODR,5.9,10,,2023
4B,6,A,CODR,5.26,10,,2023
4B,6,A,CODR,7.93,10,,2023
4B,6,A,CODR,8.65,10,,2023
4B,6,A,CODR,7.36,10,,2023
4B,6,A,CODR,5.67,10,,2023
4B,6,A,CODR,3.41,12,,2023
4B,6,A,CODR,3.49,12,,2023
4B,6,A,CODR,6.73,12,,2023
4B,6,A,CODR,8.02,12,,2023
4B,6,A,CODR,5.59,12,,2023
4B,6,A,CODR,2.21,12,,2023
4B,6,A,CODR,4.09,12,,2023
4B,6,A,CODR,6.6,14,,2023
4B,6,A,CODR,4.39,14,,2023
4B,6,A,CODR,4.28,14,,2023
4B,6,A,CODR,8.32,16,,2023
4B,6,A,CODR,3.14,16,,2023
4B,6,A,CODR,6.21,16,,2023
4B,6,A,CODR,8.19,16,,2023
4B,6,A,CODR,7.41,16,,2023
4B,6,A,CODR,4.2,16,,2023
4B,6,A,CODR,5.38,16,,2023
4B,6,A,CODR,4.33,18,,2023
4B,6,A,CODR,5.7,18,,2023
4B,6,A,CODR,6.99,18,,2023
4B,6,A,CODR,7.35,18,,2023
4B,6,A,CODR,3.45,18,,2023
4B,6,A,CODR,6.7,18,,2023
4B,6,A,CODR,8.07,18,,2023
4B,6,A,CODR,9.01,20,,2023
4B,6,A,CODR,3.73,20,,2023
4B,6,A,CODR,8.97,20,,2023
4B,6,A,CODR,7.76,20,,2023
4B,6,A,CODR,12.3,20,,2023
4B,6,A,CODR,3.25,22,,2023
4B,6,A,CODR,4.76,22,,2023
4B,6,A,CODR,4.69,22,,2023
4B,6,A,CODR,7.01,22,,2023
4B,6,A,CODR,4.99,22,,2023
4B,6,A,CODR,6,22,,2023
4B,6,A,CODR,4.6,22,,2023
4B,6,A,CODR,6.31,22,,2023
4B,6,B,CODR,7.94,2,,2023
4B,6,B,CODR,6.45,2,,2023
4B,6,B,CODR,6.97,2,,2023
4B,6,B,CODR,6.62,2,,2023
4B,6,B,CODR,8.63,4,,2023
4B,6,B,CODR,4.29,4,,2023
4B,6,B,CODR,8.88,6,,2023
4B,6,B,CODR,6.27,6,,2023
4B,6,B,CODR,7.84,6,,2023
4B,6,B,CODR,6.23,6,,2023
4B,6,B,CODR,8.35,8,,2023
4B,6,B,CODR,9.01,10,,2023
4B,6,B,CODR,9.54,10,,2023
4B,6,B,CODR,7.47,10,,2023
4B,6,B,CODR,7.63,10,,2023
4B,6,B,CODR,8.91,10,,2023
4B,6,B,CODR,4.48,10,,2023
4B,6,B,CODR,7.21,10,,2023
4B,6,B,CODR,8.61,12,,2023
4B,6,B,CODR,8.71,12,,2023
4B,6,B,CODR,6.82,12,,2023
4B,6,B,CODR,9.05,12,,2023
4B,6,B,CODR,8.58,14,,2023
4B,6,B,CODR,10.45,14,,2023
4B,6,B,CODR,6.91,14,,2023
4B,6,B,RHGL,4.81,14,,2023
4B,6,B,RHGL,8.06,14,,2023
4B,6,B,CODR,5.8,16,,2023
4B,6,B,CODR,2.65,16,,2023
4B,6,B,CODR,3.55,16,,2023
4B,6,B,CODR,6.31,16,,2023
4B,6,B,CODR,4.66,16,,2023
4B,6,B,CODR,4.34,16,,2023
4B,6,B,CODR,5.52,16,,2023
4B,6,B,CODR,5.52,18,,2023
4B,6,B,CODR,6.04,18,,2023
4B,6,B,CODR,5.57,18,,2023
4B,6,B,CODR,4.98,18,,2023
4B,6,B,CODR,5.35,18,,2023
4B,6,B,CODR,3.44,18,,2023
4B,6,B,CODR,5.08,18,,2023
4B,6,B,CODR,6.88,18,,2023
4B,6,B,CODR,2.87,20,,2023
4B,6,C,CODR,3.68,2,,2023
4B,6,C,CODR,5.68,2,,2023
4B,6,C,CODR,4.07,2,,2023
4B,6,C,CODR,2.55,2,,2023
4B,6,C,CODR,2.25,2,,2023
4B,6,C,CODR,4.05,2,,2023
4B,6,C,CODR,3.09,2,,2023
4B,6,C,CODR,2.75,4,,2023
4B,6,C,CODR,6.58,4,,2023
4B,6,C,CODR,5.42,4,,2023
4B,6,C,CODR,5.39,4,,2023
4B,6,C,CODR,6.2,4,,2023
4B,6,C,CODR,4.41,4,,2023
4B,6,C,CODR,4.84,4,,2023
4B,6,C,CODR,7.6,6,,2023
4B,6,C,CODR,7.21,6,,2023
4B,6,C,CODR,9.81,6,,2023
4B,6,C,CODR,4.78,6,,2023
4B,6,C,CODR,6.99,8,,2023
4B,6,C,CODR,6.22,8,,2023
4B,6,C,CODR,6.91,8,,2023
4B,6,C,CODR,7.49,8,,2023
4B,6,C,CODR,3.86,8,,2023
4B,6,C,CODR,6.44,8,,2023
4B,6,C,PRAM,7.57,8,,2023
4B,6,C,CODR,6.47,10,,2023
4B,6,C,CODR,3.74,10,,2023
4B,6,C,CODR,7.81,10,,2023
4B,6,C,CODR,6.35,10,,2023
4B,6,C,CODR,4.04,10,,2023
4B,6,C,CODR,9.68,10,,2023
4B,6,C,CODR,8.84,10,,2023
4B,6,C,CODR,8.03,12,,2023
4B,6,C,CODR,4.83,12,,2023
4B,6,C,CODR,7.51,12,,2023
4B,6,C,CODR,9.41,12,,2023
4B,6,C,CODR,12.1,12,,2023
4B,6,C,PRAM,8.34,14,,2023
4B,6,C,PRAM,6.96,14,,2023
4B,6,C,PRAM,8.75,14,,2023
4B,6,C,CODR,7.04,14,,2023
4B,6,C,CODR,6.49,14,,2023
4B,6,C,CODR,5.97,14,,2023
4B,6,C,CODR,10.31,14,,2023
4B,6,C,CODR,7.85,14,,2023
4B,6,C,CODR,5.67,16,,2023
4B,6,C,CODR,4.12,16,,2023
4B,6,C,CODR,6.2,16,,2023
4B,6,C,CODR,4.29,16,,2023
4B,6,C,CODR,2.84,16,,2023
4B,6,C,CODR,5.63,16,,2023
4B,6,C,CODR,7.38,18,,2023
4B,6,C,CODR,3.26,18,,2023
4B,6,C,CODR,7.07,18,,2023
4B,6,C,CODR,8.73,20,,2023
4B,6,C,CODR,6.03,20,,2023
4B,7,B,CODR,4.54,18,,2023
4B,7,B,CODR,4.11,18,,2023
4B,7,B,CODR,8.92,18,,2023
4B,7,B,CODR,2.47,18,,2023
4B,7,B,CODR,2.64,18,,2023
4B,7,B,CODR,9.87,18,,2023
4B,7,B,CODR,8.52,18,,2023
4B,7,B,CODR,8.07,18,,2023
4B,7,B,CODR,9.08,20,,2023
4B,7,B,CODR,8.2,20,,2023
4B,7,B,CODR,9.48,20,,2023
4B,7,B,CODR,8.58,20,,2023
4B,7,B,CODR,8.82,20,,2023
4B,7,B,CODR,5.54,20,,2023
4B,7,B,CODR,4.58,22,,2023
4B,7,C,CODR,7.34,4,,2023
4B,7,C,CODR,9.21,4,,2023
4B,7,C,CODR,7.87,4,,2023
4B,7,C,CODR,6.72,4,,2023
4B,7,C,CODR,10.3,4,,2023
4B,7,C,RHGL,9.25,6,,2023
4B,7,C,CODR,4.29,6,,2023
4B,7,C,CODR,6.91,6,,2023
4B,7,C,CODR,9.16,6,,2023
4B,7,C,CODR,6.2,6,,2023
4B,7,C,CODR,10.39,8,,2023
4B,7,C,RHGL,11.05,8,,2023
4B,7,C,RHGL,12.55,10,,2023
4B,7,C,CODR,4.08,10,,2023
4B,7,C,CODR,5.9,10,,2023
4B,7,C,CODR,10.03,10,,2023
4B,7,C,CODR,7.41,10,,2023
4B,7,C,CODR,6.11,12,,2023
4B,7,C,CODR,7.16,12,,2023
4B,7,C,CODR,7.5,12,,2023
4B,7,C,RHGL,12.37,12,,2023
4B,7,C,CODR,8.78,14,,2023
4B,7,C,CODR,7.61,14,,2023
4B,7,C,CODR,4.28,14,,2023
4B,7,C,CODR,3.88,14,,2023
4B,7,C,CODR,8.17,14,,2023
4B,7,C,CODR,6.8,16,,2023
4B,7,C,CODR,4.03,16,,2023
4B,7,C,CODR,3.73,16,,2023
4B,7,C,CODR,3.38,16,,2023
4B,7,C,CODR,4.61,16,,2023
4B,7,C,CODR,2.37,16,,2023
4B,7,C,CODR,4.59,16,,2023
4B,7,C,CODR,14.17,16,,2023
4B,7,C,CODR,6.32,18,,2023
4B,7,C,CODR,4.81,18,,2023
4B,7,C,RHGL,12.04,18,,2023
4B,7,C,RHGL,10.52,18,,2023
4B,7,C,CODR,8.53,20,,2023
4B,7,C,CODR,6.92,20,,2023
4B,7,C,RHGL,7.94,20,,2023
4B,7,C,RHGL,10.65,22,,2023
4B,7,C,RHGL,13.52,22,,2023
4B,8,A,ZAAM,4.48,8,,2023
4B,8,A,CODR,2.92,10,,2023
4B,8,B,CODR,6.18,8,,2023
4B,8,B,CODR,2.7,8,,2023
4B,8,B,CODR,2.27,8,,2023
4B,8,C,CODR,7.37,6,,2023
4B,8,C,CODR,6.23,18,,2023
4B,8,C,CODR,5.21,18,,2023
4B,8,C,CODR,4,18,,2023
4B,8,C,CODR,4.34,18,,2023
4B,8,C,CODR,8.27,20,,2023
4B,8,C,CODR,7.58,20,,2023
4B,8,C,CODR,2.01,20,,2023
4B,8,C,CODR,4.3,20,,2023
4B,8,C,CODR,5.67,20,,2023
4B,8,C,CODR,4.44,22,,2023
4B,8,C,CODR,4.53,22,,2023
4B,8,C,CODR,4.48,22,,2023
4B,8,C,CODR,4.75,22,,2023
4B,9,A,RHGL,10.69,4,,2023
4B,9,A,RHGL,9.35,6,,2023
4B,9,A,CODR,4.77,8,,2023
4B,9,A,CODR,6.38,8,,2023
4B,9,A,RHGL,7.02,10,,2023
4B,9,A,RHGL,9.78,10,,2023
4B,9,A,RHGL,5.51,12,,2023
4B,9,A,RHGL,5.69,14,,2023
4B,9,A,CODR,6.72,16,,2023
4B,9,A,CODR,3.91,16,,2023
4B,9,A,RHGL,7.88,16,,2023
4B,9,A,CODR,5.07,18,,2023
4B,9,A,CODR,5.52,18,,2023
4B,9,A,CODR,5.24,22,,2023
4B,9,A,CODR,3.14,22,,2023
4B,9,B,RHGL,10.75,6,,2023
4B,9,B,RHGL,7.89,18,,2023
4B,9,B,RHGL,8.73,20,,2023
4B,9,C,RHGL,12.83,4,,2023
4B,9,C,RHGL,13.57,4,,2023
4B,9,C,RHGL,8.55,6,,2023
4B,9,C,RHGL,10.75,8,,2023
4B,9,C,RHGL,12.73,10,,2023
4B,9,C,RHGL,10.27,12,,2023
4B,9,C,RHGL,12.08,12,,2023
4B,9,C,RHGL,12.14,12,,2023
4B,9,C,RHGL,12.83,14,,2023
4B,9,C,RHGL,9.08,14,,2023
4B,9,C,RHGL,11.46,14,,2023
4B,9,C,RHGL,11.62,14,,2023
4B,9,C,RHGL,11.77,14,,2023
4B,9,C,RHGL,13.3,14,,2023
4B,9,C,RHGL,12.28,14,,2023
4B,9,C,RHGL,9.13,18,,2023
4B,9,C,RHGL,9.88,22,,2023
4B,9,C,RHGL,10.11,22,,2023
4B,10,A,CODR,3.51,2,,2023
4B,10,A,CODR,10.03,2,,2023
4B,10,A,CODR,9.08,2,,2023
4B,10,A,RHGL,9.51,2,,2023
4B,10,A,CODR,5.02,4,,2023
4B,10,A,CODR,4.07,4,,2023
4B,10,A,CODR,2.89,4,,2023
4B,10,A,CODR,5.26,4,,2023
4B,10,A,CODR,5.96,4,,2023
4B,10,A,CODR,6.69,6,,2023
4B,10,A,CODR,6.49,6,,2023
4B,10,A,CODR,6.27,8,,2023
4B,10,A,CODR,3.46,8,,2023
4B,10,A,CODR,3.49,8,,2023
4B,10,A,CODR,3.06,8,,2023
4B,10,A,CODR,4.02,8,,2023
4B,10,A,RHGL,7.74,8,,2023
4B,10,A,RHGL,11.07,8,,2023
4B,10,A,RHGL,8.89,8,,2023
4B,10,A,CODR,5.56,10,,2023
4B,10,A,CODR,8.54,10,,2023
4B,10,A,CODR,4.49,10,,2023
4B,10,A,CODR,7.49,10,,2023
4B,10,A,CODR,6.13,10,,2023
4B,10,A,CODR,5.2,10,,2023
4B,10,A,RHGL,9.26,10,,2023
4B,10,A,RHGL,11.21,10,,2023
4B,10,A,RHGL,9.36,10,,2023
4B,10,A,RHGL,5.7,10,,2023
4B,10,A,RHGL,11.54,10,,2023
4B,10,A,CODR,5.1,12,,2023
4B,10,A,CODR,5.02,12,,2023
4B,10,A,CODR,9.74,12,,2023
4B,10,A,CODR,7.27,12,,2023
4B,10,A,CODR,7.52,12,,2023
4B,10,A,CODR,10.51,12,,2023
4B,10,A,CODR,5.9,14,,2023
4B,10,A,CODR,2.99,14,,2023
4B,10,A,CODR,5.16,14,,2023
4B,10,A,CODR,9.9,14,,2023
4B,10,A,CODR,4.88,14,,2023
4B,10,A,CODR,7.25,16,,2023
4B,10,A,CODR,3.59,16,,2023
4B,10,A,CODR,4.11,16,,2023
4B,10,A,CODR,2.83,16,,2023
4B,10,A,RHGL,9.19,16,,2023
4B,10,A,RHGL,11.54,16,,2023
4B,10,A,CODR,6.12,18,,2023
4B,10,A,CODR,6.91,18,,2023
4B,10,A,CODR,6.29,18,,2023
4B,10,A,CODR,9.36,18,,2023
4B,10,A,RHGL,6.55,20,,2023
4B,10,A,CODR,4.48,22,,2023
4B,10,A,CODR,6.22,22,,2023
4B,10,B,CODR,3.44,2,,2023
4B,10,B,CODR,8.26,2,,2023
4B,10,B,CODR,7.55,2,,2023
4B,10,B,CODR,7.41,2,,2023
4B,10,B,CODR,4.76,4,,2023
4B,10,B,CODR,6.36,4,,2023
4B,10,B,CODR,3.88,6,,2023
4B,10,B,CODR,2.83,8,,2023
4B,10,B,CODR,2.42,8,,2023
4B,10,B,CODR,7.51,10,,2023
4B,10,B,CODR,3.84,10,,2023
4B,10,B,CODR,4.88,10,,2023
4B,10,B,CODR,3.19,10,,2023
4B,10,B,CODR,2.24,12,,2023
4B,10,B,CODR,5.81,14,,2023
4B,10,B,CODR,2.43,14,,2023
4B,10,B,RHGL,5.43,18,,2023
4B,10,B,RHGL,10.21,20,,2023
4B,10,C,CODR,6.08,2,,2023
4B,10,C,CODR,4.7,2,,2023
4B,10,C,CODR,3.1,2,,2023
4B,10,C,CODR,7.6,2,,2023
4B,10,C,CODR,10.77,4,,2023
4B,10,C,CODR,8.24,4,,2023
4B,10,C,CODR,7.45,6,,2023
4B,10,C,CODR,8.7,6,,2023
4B,10,C,CODR,12.17,6,,2023
4B,10,C,CODR,3.72,6,,2023
4B,10,C,CODR,8.57,8,,2023
4B,10,C,CODR,3.95,8,,2023
4B,10,C,CODR,3.79,8,,2023
4B,10,C,CODR,6.99,8,,2023
4B,10,C,CODR,5.6,8,,2023
4B,11,A,CODR,4.58,2,,2023
4B,11,A,CODR,8.53,2,,2023
4B,11,A,CODR,9.55,2,,2023
4B,11,A,CODR,4.89,2,,2023
4B,11,A,RHGL,8.7,4,,2023
4B,11,A,RHGL,9.04,10,,2023
4B,11,A,RHGL,10.6,10,,2023
4B,11,A,RHGL,11.21,10,,2023
4B,11,A,RHGL,5.78,14,,2023
4B,11,A,CODR,3.62,14,,2023
4B,11,A,CODR,2.73,14,,2023
4B,11,A,CODR,5.88,16,,2023
4B,11,A,CODR,5.55,16,,2023
4B,11,A,CODR,4.82,16,,2023
4B,11,A,CODR,4.39,16,,2023
4B,11,A,CODR,7.85,16,,2023
4B,11,A,CODR,4.08,16,,2023
4B,11,A,CODR,8.33,16,,2023
4B,11,A,CODR,3.84,16,,2023
4B,11,A,CODR,4.88,16,,2023
4B,11,A,CODR,5.14,18,,2023
4B,11,A,CODR,5.75,18,,2023
4B,11,A,CODR,7.33,18,,2023
4B,11,A,CODR,7.62,18,,2023
4B,11,A,CODR,5.13,18,,2023
4B,11,A,CODR,3.24,18,,2023
4B,11,A,CODR,5.45,20,,2023
4B,11,A,CODR,4.23,20,,2023
4B,11,A,CODR,2.36,20,,2023
4B,11,A,CODR,6.24,20,,2023
4B,11,A,CODR,3.6,20,,2023
4B,11,A,CODR,3.93,20,,2023
4B,11,A,CODR,6.65,20,,2023
4B,11,A,CODR,3.2,20,,2023
4B,11,A,CODR,5.65,22,,2023
4B,11,A,CODR,4.75,22,,2023
4B,11,A,CODR,6.4,22,,2023
4B,11,B,CODR,6.46,2,,2023
4B,11,B,CODR,4.18,2,,2023
4B,11,B,CODR,7.47,2,,2023
4B,11,B,RHGL,5.96,2,,2023
4B,11,B,CODR,5.16,4,,2023
4B,11,B,CODR,6.77,4,,2023
4B,11,B,CODR,5.84,4,,2023
4B,11,B,PRAM,5.94,4,,2023
4B,11,B,PRAM,3.47,6,,2023
4B,11,B,PRAM,2.98,6,,2023
4B,11,B,CODR,6.9,8,,2023
4B,11,B,CODR,3.9,8,,2023
4B,11,B,CODR,7.38,8,,2023
4B,11,B,PRAM,5.76,10,,2023
4B,11,B,CODR,2.74,10,,2023
4B,11,B,CODR,2.88,10,,2023
4B,11,B,CODR,7.83,10,,2023
4B,11,B,CODR,8.53,10,,2023
4B,11,B,PRAM,5.59,12,,2023
4B,11,B,PRAM,4.07,12,,2023
4B,11,B,PRAM,4.31,12,,2023
4B,11,B,PRAM,7.42,12,,2023
4B,11,B,CODR,4.45,12,,2023
4B,11,B,RHGL,10.17,12,,2023
4B,11,B,PRAM,5.84,14,,2023
4B,11,B,PRAM,4.28,14,,2023
4B,11,B,PRAM,4.5,14,,2023
4B,11,B,PRAM,4.91,14,,2023
4B,11,B,PRAM,5.4,14,,2023
4B,11,B,PRAM,5.79,14,,2023
4B,11,B,PRAM,6.32,14,,2023
4B,11,B,PRAM,6.07,16,,2023
4B,11,B,PRAM,6.55,16,,2023
4B,11,B,PRAM,4.13,16,,2023
4B,11,B,PRAM,8.17,16,,2023
4B,11,B,RHGL,11.56,16,,2023
4B,11,B,CODR,4.58,18,,2023
4B,11,B,CODR,5.48,18,,2023
4B,11,B,CODR,5.11,18,,2023
4B,11,B,PRAM,6.28,18,,2023
4B,11,B,PRAM,3.62,18,,2023
4B,11,B,PRAM,5.9,18,,2023
4B,11,B,PRAM,5.13,18,,2023
4B,11,B,PRAM,4.31,18,,2023
4B,11,B,PRAM,6.43,18,,2023
4B,11,B,PRAM,8.32,18,,2023
4B,11,B,CODR,7.66,18,,2023
4B,11,B,CODR,8.3,20,,2023
4B,11,B,CODR,6.96,20,,2023
4B,11,B,CODR,5.15,20,,2023
4B,11,B,RHGL,6.86,20,,2023
4B,11,B,CODR,8.19,22,,2023
4B,11,B,PRAM,4.77,22,,2023
4B,11,C,PRAM,3.18,16,,2023
4B,11,C,CODR,4.37,18,,2023
4B,11,C,CODR,2.85,18,,2023
4B,11,C,CODR,5.44,18,,2023
4B,11,C,CODR,8.8,20,,2023
4B,11,C,CODR,3.96,20,,2023
4B,11,C,CODR,2.46,20,,2023
4B,11,C,CODR,10.23,20,,2023
4B,11,C,CODR,3.18,20,,2023
4B,11,C,CODR,7.56,20,,2023
4B,11,C,CODR,6.53,20,,2023
4B,11,C,CODR,5.19,20,,2023
4B,11,C,CODR,5.16,20,,2023
4B,11,C,CODR,6.4,20,,2023
4B,11,C,CODR,7.24,20,,2023
4B,11,C,CODR,5.61,22,,2023
4B,11,C,CODR,6.4,22,,2023
4B,11,C,CODR,6.98,22,,2023
4B,11,C,CODR,12.1,22,,2023
4B,12,A,CODR,5.02,4,,2023
4B,12,A,CODR,2.45,4,,2023
4B,12,A,CODR,4.26,4,,2023
4B,12,B,CODR,3.19,2,,2023
4B,12,B,CODR,5.24,2,,2023
4B,12,B,CODR,3.84,2,,2023
4B,12,B,CODR,2.35,2,,2023
4B,12,B,CODR,4.55,2,,2023
4B,12,B,CODR,4.6,2,,2023
4B,12,B,CODR,2.31,2,,2023
4B,12,B,CODR,3.02,2,,2023
4B,12,B,CODR,4.5,4,,2023
4B,12,B,CODR,2.16,4,,2023
4B,12,B,CODR,2.08,4,,2023
4B,12,B,CODR,2.53,4,,2023
4B,12,B,CODR,5.56,4,,2023
4B,12,B,CODR,3.96,4,,2023
4B,12,B,CODR,6.08,4,,2023
4B,12,B,CODR,7.06,4,,2023
4B,12,B,CODR,3.95,4,,2023
4B,12,B,CODR,4.28,6,,2023
4B,12,B,CODR,4.99,6,,2023
4B,12,B,CODR,4.03,6,,2023
4B,12,B,CODR,4.38,8,,2023
4B,12,B,CODR,8.38,8,,2023
4B,12,B,CODR,10.38,8,,2023
4B,12,B,CODR,3.53,8,,2023
4B,12,B,CODR,3.32,8,,2023
4B,12,B,CODR,1.97,8,,2023
4B,12,B,CODR,4.51,10,,2023
4B,12,B,CODR,7.27,10,,2023
4B,12,B,CODR,6.78,10,,2023
4B,12,B,CODR,3.33,10,,2023
4B,12,B,CODR,5.5,10,,2023
4B,12,B,CODR,6.54,10,,2023
4B,12,B,CODR,5.83,10,,2023
4B,12,B,CODR,6.16,10,,2023
4B,12,B,CODR,5.57,10,,2023
4B,12,B,CODR,4.65,12,,2023
4B,12,B,CODR,3.66,12,,2023
4B,12,B,CODR,7.8,12,,2023
4B,12,B,CODR,8.62,12,,2023
4B,12,B,CODR,8.54,12,,2023
4B,12,B,CODR,3.66,12,,2023
4B,12,B,CODR,8,14,,2023
4B,12,B,CODR,3.74,14,,2023
4B,12,B,CODR,6.87,14,,2023
4B,12,B,CODR,9.67,14,,2023
4B,12,B,CODR,3.45,14,,2023
4B,12,B,CODR,8.49,16,,2023
4B,12,B,CODR,4.37,18,,2023
4B,12,B,CODR,7.41,18,,2023
4B,12,B,CODR,4.09,18,,2023
4B,12,B,CODR,2.12,18,,2023
4B,12,B,CODR,1.62,18,,2023
4B,12,B,CODR,5.34,18,,2023
4B,12,B,CODR,5.01,20,,2023
4B,12,B,CODR,5.64,22,,2023
4B,12,B,CODR,6.75,22,,2023
4B,12,B,CODR,9.8,22,,2023
4B,12,B,CODR,3.57,22,,2023
4B,12,B,CODR,3.1,22,,2023
4B,12,B,CODR,8.55,22,,2023
4B,12,B,CODR,9.1,22,,2023
4B,12,B,CODR,5.88,22,,2023
4B,12,B,CODR,7.12,22,,2023
4B,12,C,CODR,7.62,6,,2023
4B,12,C,CODR,7.41,8,,2023
4B,12,C,CODR,3.94,10,,2023
4B,12,C,CODR,3.11,12,,2023
4B,12,C,CODR,5.72,14,,2023
4B,12,C,CODR,5.64,14,,2023
4B,12,C,CODR,8,14,,2023
4B,12,C,CODR,4.01,14,,2023
4B,12,C,PRAM,4.4,14,,2023
4B,12,C,CODR,5.11,16,,2023
4B,12,C,CODR,2.55,16,,2023
4B,12,C,CODR,7.67,16,,2023
4B,12,C,PRAM,5.32,16,,2023
4B,12,C,PRAM,3.44,16,,2023
4B,12,C,CODR,4.84,18,,2023
4B,12,C,CODR,3.08,18,,2023
4B,12,C,PRAM,4.38,18,,2023
4B,12,C,PRAM,5.52,18,,2023
4B,12,C,PRAM,3.07,18,,2023
4B,12,C,PRAM,6.32,18,,2023
4B,12,C,CODR,6.35,18,,2023
4B,12,C,CODR,5.21,18,,2023
4B,12,C,CODR,6.67,18,,2023
4B,12,C,PRAM,5.69,20,,2023
4B,12,C,PRAM,4.77,20,,2023
4B,12,C,PRAM,7.81,20,,2023
4B,12,C,PRAM,3.93,20,,2023
4B,12,C,PRAM,4.41,20,,2023
4B,12,C,CODR,5.98,20,,2023
4B,12,C,PRAM,5.7,22,,2023
4B,12,C,PRAM,5.49,22,,2023
4B,12,C,PRAM,4.46,22,,2023
4B,12,C,PRAM,10.16,22,,2023
4B,12,C,PRAM,6.41,22,,2023
4B,12,C,PRAM,7.12,22,,2023
4B,12,C,PRAM,3.28,22,,2023
K4A,1,A,CODR,4.52,2,,2023
K4A,1,A,CODR,3.18,8,,2023
K4A,1,B,CODR,6.03,4,,2023
K4A,1,B,CODR,4.05,4,,2023
K4A,1,B,CODR,6.95,4,,2023
K4A,1,B,CODR,5.43,4,,2023
K4A,1,B,CODR,10.58,6,,2023
K4A,1,B,CODR,5.55,8,,2023
K4A,1,B,CODR,5.09,8,,2023
K4A,1,B,CODR,7.28,8,,2023
K4A,1,B,CODR,2.88,8,,2023
K4A,1,B,CODR,8.39,8,,2023
K4A,1,B,CODR,7.01,8,,2023
K4A,1,B,CODR,8.35,10,,2023
K4A,1,B,CODR,6.25,10,,2023
K4A,1,B,CODR,7.89,10,,2023
K4A,1,B,CODR,2.73,10,,2023
K4A,1,B,CODR,4.32,10,,2023
K4A,1,B,CODR,6.99,10,,2023
K4A,1,B,CODR,4.73,10,,2023
K4A,1,B,CODR,6.5,12,,2023
K4A,1,C,CODR,3.68,2,,2023
K4A,1,C,CODR,1.99,2,,2023
K4A,1,C,CODR,3.34,4,,2023
K4A,1,C,CODR,6.29,4,,2023
K4A,1,C,CODR,4.45,6,,2023
K4A,1,C,CODR,6.91,6,,2023
K4A,1,C,CODR,5.41,8,,2023
K4A,1,C,CODR,5.07,8,,2023
K4A,1,C,CODR,7.66,8,,2023
K4A,1,C,CODR,2.41,8,,2023
K4A,1,C,CODR,5.3,10,,2023
K4A,1,C,CODR,6.21,10,,2023
K4A,1,C,CODR,3.09,10,,2023
K4A,1,C,CODR,6.1,10,,2023
K4A,1,C,CODR,5.43,10,,2023
K4A,1,C,CODR,5.58,10,,2023
K4A,2,A,CODR,2.96,2,,2023
K4A,2,A,CODR,7.96,2,,2023
K4A,2,A,CODR,20.99,2,,2023
K4A,2,A,CODR,4.62,4,,2023
K4A,2,A,CODR,2.63,4,,2023
K4A,2,A,CODR,4.41,4,,2023
K4A,2,A,CODR,4.77,4,,2023
K4A,2,A,CODR,11.27,6,,2023
K4A,2,A,CODR,6.69,6,,2023
K4A,2,A,CODR,3.46,6,,2023
K4A,2,A,CODR,5.94,6,,2023
K4A,2,A,CODR,5.3,8,,2023
K4A,2,A,CODR,5.67,10,,2023
K4A,2,A,CODR,7.74,10,,2023
K4A,2,A,CODR,9.19,10,,2023
K4A,2,A,CODR,8.87,10,,2023
K4A,2,A,CODR,6.43,12,,2023
K4A,2,A,CODR,5.04,12,,2023
K4A,2,A,CODR,4.34,12,,2023
K4A,2,A,CODR,7.31,14,,2023
K4A,2,A,CODR,5.87,14,,2023
K4A,2,B,CODR,26.12,2,,2023
K4A,2,B,CODR,5.73,2,,2023
K4A,2,B,CODR,8.25,4,,2023
K4A,2,B,CODR,6.53,4,,2023
K4A,2,B,CODR,8.39,6,,2023
K4A,2,B,CODR,6.51,6,,2023
K4A,2,B,RHAR,9.28,10,,2023
K4A,2,B,RHAR,13.2,10,,2023
K4A,2,B,RHAR,10.19,10,,2023
K4A,2,B,RHAR,8.52,10,,2023
K4A,2,B,RHAR,8.81,10,,2023
K4A,2,B,RHAR,10.97,10,,2023
K4A,2,B,RHAR,13.05,10,,2023
K4A,2,B,RHAR,17.24,10,,2023
K4A,2,C,CODR,11.86,2,,2023
K4A,2,C,CODR,7.55,2,,2023
K4A,2,C,CODR,13.7,2,,2023
K4A,2,C,CODR,11.49,2,,2023
K4A,2,C,CODR,18.87,4,,2023
K4A,2,C,CODR,7.36,4,,2023
K4A,2,C,CODR,18.32,4,,2023
K4A,2,C,CODR,8.06,6,,2023
K4A,2,C,CODR,11.57,6,,2023
K4A,2,C,CODR,6.95,6,,2023
K4A,2,C,CODR,8.86,6,,2023
K4A,2,C,CODR,6.98,6,,2023
K4A,2,C,CODR,9.08,10,,2023
K4A,2,C,CODR,9.44,10,,2023
K4A,2,C,CODR,6.49,10,,2023
K4A,2,C,RHAR,7.97,12,,2023
K4A,2,C,RHAR,10.52,12,,2023
K4A,2,C,RHAR,4.6,12,,2023
K4A,2,C,CODR,6.87,12,,2023
K4A,2,C,PRAM,8.45,14,,2023
K4A,2,C,PRAM,4.35,14,,2023
K4A,2,C,PRAM,10.53,14,,2023
K4A,2,C,PRAM,4.85,16,,2023
K4A,2,C,PRAM,9.3,18,,2023
K4A,2,C,PRAM,8.04,18,,2023
K4A,2,C,PRAM,8.6,18,,2023
K4A,2,C,PRAM,11.19,18,,2023
K4A,2,C,PRAM,10.35,18,,2023
K4A,2,C,PRAM,7.87,18,,2023
K4A,2,C,PRAM,6.42,18,,2023
K4A,2,C,PRAM,7.48,18,,2023
K4A,2,C,PRAM,9.49,18,,2023
K4A,2,C,PRAM,9.19,18,,2023
K4A,2,C,PRAM,13.16,18,,2023
K4A,2,C,PRAM,8.6,18,,2023
K4A,2,C,PRAM,7.78,18,,2023
K4A,2,C,RHAR,10.33,20,,2023
K4A,2,C,RHAR,10.72,20,,2023
K4A,2,C,RHAR,12.56,20,,2023
K4A,3,A,CODR,5.23,2,,2023
K4A,3,A,CODR,7.48,2,,2023
K4A,3,A,CODR,7.23,2,,2023
K4A,3,A,CODR,7.78,2,,2023
K4A,3,A,CODR,6.94,2,,2023
K4A,3,A,CODR,5.64,2,,2023
K4A,3,A,CODR,7.47,2,,2023
K4A,3,A,CODR,10.94,2,,2023
K4A,3,A,CODR,10.59,2,,2023
K4A,3,A,CODR,5.21,4,,2023
K4A,3,A,CODR,4.57,4,,2023
K4A,3,A,CODR,5.11,4,,2023
K4A,3,A,CODR,4.12,4,,2023
K4A,3,A,CODR,8.07,6,,2023
K4A,3,A,CODR,10.68,6,,2023
K4A,3,A,CODR,12.31,6,,2023
K4A,3,A,CODR,12.53,6,,2023
K4A,3,A,CODR,7.38,6,,2023
K4A,3,A,CODR,7.5,8,,2023
K4A,3,A,CODR,10.86,8,,2023
K4A,3,A,CODR,4.44,10,,2023
K4A,3,A,CODR,9.85,10,,2023
K4A,3,A,CODR,3.54,14,,2023
K4A,3,A,CODR,2.85,14,,2023
K4A,3,A,CODR,4.41,16,,2023
K4A,3,A,CODR,5.35,16,,2023
K4A,3,A,CODR,5.08,16,,2023
K4A,3,A,CODR,7.36,16,,2023
K4A,3,A,CODR,2.28,16,,2023
K4A,3,A,CODR,1.85,16,,2023
K4A,3,A,CODR,9.08,16,,2023
K4A,3,A,CODR,7.99,16,,2023
K4A,3,A,CODR,7.13,16,,2023
K4A,3,A,CODR,3,18,,2023
K4A,3,A,CODR,3.64,18,,2023
K4A,3,A,CODR,5.52,18,,2023
K4A,3,A,CODR,6.33,18,,2023
K4A,3,A,CODR,3.28,18,,2023
K4A,3,A,CODR,3.92,18,,2023
K4A,3,A,CODR,5.08,18,,2023
K4A,3,A,CODR,5.01,18,,2023
K4A,3,A,CODR,4.17,18,,2023
K4A,3,A,CODR,2.32,20,,2023
K4A,3,A,CODR,4.11,20,,2023
K4A,3,A,CODR,5.33,22,,2023
K4A,3,A,CODR,7.27,22,,2023
K4A,3,A,CODR,4.73,22,,2023
K4A,3,A,CODR,12.41,22,,2023
K4A,3,A,CODR,5.48,22,,2023
K4A,3,B,CODR,6.72,2,,2023
K4A,3,B,CODR,8.32,2,,2023
K4A,3,B,CODR,17.92,2,,2023
K4A,3,B,CODR,5.69,4,,2023
K4A,3,B,CODR,9.86,4,,2023
K4A,3,B,CODR,8.43,4,,2023
K4A,3,B,CODR,7.75,4,,2023
K4A,3,B,CODR,6.12,4,,2023
K4A,3,B,CODR,8.71,4,,2023
K4A,3,B,CODR,4.57,4,,2023
K4A,3,B,CODR,3.67,4,,2023
K4A,3,B,CODR,14.15,4,,2023
K4A,3,B,CODR,10.53,6,,2023
K4A,3,B,CODR,10.75,6,,2023
K4A,3,B,CODR,10.8,6,,2023
K4A,3,B,CODR,17.03,6,,2023
K4A,3,B,CODR,8.57,6,,2023
K4A,3,B,CODR,5.1,8,,2023
K4A,3,B,CODR,7.95,8,,2023
K4A,3,B,CODR,7.63,8,,2023
K4A,3,B,CODR,8.1,8,,2023
K4A,3,B,CODR,4.94,8,,2023
K4A,3,B,CODR,5.75,8,,2023
K4A,3,B,CODR,7.69,8,,2023
K4A,3,B,CODR,12.71,8,,2023
K4A,3,B,CODR,4.51,8,,2023
K4A,3,B,CODR,8.93,10,,2023
K4A,3,B,CODR,23.03,10,,2023
K4A,3,B,CODR,12.14,10,,2023
K4A,3,B,CODR,17.98,10,,2023
K4A,3,B,CODR,12.78,12,,2023
K4A,3,B,CODR,17.05,12,,2023
K4A,3,B,CODR,18.06,12,,2023
K4A,3,B,CODR,17.72,14,,2023
K4A,3,B,CODR,7.53,14,,2023
K4A,3,B,CODR,19.83,14,,2023
K4A,3,B,CODR,8.98,14,,2023
K4A,3,B,CODR,6.68,16,,2023
K4A,3,B,CODR,6.86,16,,2023
K4A,3,B,CODR,7.54,16,,2023
K4A,3,B,CODR,20.55,16,,2023
K4A,3,B,CODR,17.57,16,,2023
K4A,3,B,PRAM,2.95,18,,2023
K4A,3,B,PRAM,2.67,18,,2023
K4A,3,B,CODR,6.63,20,,2023
K4A,3,B,CODR,6.46,20,,2023
K4A,3,B,PRAM,5.61,20,,2023
K4A,3,B,PRAM,10,20,,2023
K4A,3,B,CODR,19.57,22,,2023
K4A,3,B,CODR,20.32,22,,2023
K4A,3,B,CODR,13.08,22,,2023
K4A,3,B,CODR,22.43,22,,2023
K4A,3,B,CODR,16.75,22,,2023
K4A,3,B,CODR,10.98,22,,2023
K4A,3,B,CODR,12.34,22,,2023
K4A,3,B,CODR,19.67,22,,2023
K4A,3,C,CODR,12.01,2,,2023
K4A,3,C,CODR,16.02,2,,2023
K4A,3,C,CODR,14.21,2,,2023
K4A,3,C,CODR,10.3,2,,2023
K4A,3,C,CODR,2.6,2,,2023
K4A,3,C,CODR,2.45,2,,2023
K4A,3,C,CODR,4.47,2,,2023
K4A,3,C,CODR,3.74,4,,2023
K4A,3,C,CODR,3.09,4,,2023
K4A,3,C,CODR,10.56,4,,2023
K4A,3,C,CODR,12.99,4,,2023
K4A,3,C,CODR,30.94,4,,2023
K4A,3,C,CODR,6.36,6,,2023
K4A,3,C,CODR,6.35,6,,2023
K4A,3,C,CODR,9.2,6,,2023
K4A,3,C,CODR,3.27,6,,2023
K4A,3,C,CODR,15.58,6,,2023
K4A,3,C,CODR,20.64,6,,2023
K4A,3,C,CODR,39.74,6,,2023
K4A,3,C,CODR,4.95,6,,2023
K4A,3,C,CODR,3.96,6,,2023
K4A,3,C,CODR,13.76,8,,2023
K4A,3,C,CODR,12.4,8,,2023
K4A,3,C,CODR,22.57,10,,2023
K4A,3,C,CODR,13.78,10,,2023
K4A,3,C,RHAR,5.09,10,,2023
K4A,3,C,CODR,6.79,12,,2023
K4A,3,C,CODR,7.38,12,,2023
K4A,3,C,CODR,16.03,14,,2023
K4A,3,C,CODR,6.18,14,,2023
K4A,3,C,CODR,3.57,14,,2023
K4A,3,C,CODR,10.39,14,,2023
K4A,3,C,CODR,8.38,14,,2023
K4A,3,C,CODR,15.09,16,,2023
K4A,3,C,CODR,15.19,16,,2023
K4A,3,C,CODR,4.81,18,,2023
K4A,3,C,CODR,11.63,18,,2023
K4A,3,C,PRAM,49.88,18,,2023
K4A,3,C,CODR,17.69,18,,2023
K4A,3,C,CODR,7.47,20,,2023
K4A,3,C,PRAM,50.81,20,,2023
K4A,3,C,CODR,27.66,22,,2023
K4A,3,C,CODR,9.67,22,,2023
K4A,4,A,PRAM,4.32,2,,2023
K4A,4,A,CODR,2.82,2,,2023
K4A,4,A,CODR,3.01,4,,2023
K4A,4,A,CODR,8.19,4,,2023
K4A,4,A,CODR,8.16,6,,2023
K4A,4,A,CODR,4.18,6,,2023
K4A,4,A,CODR,2.64,6,,2023
K4A,4,A,CODR,10.1,6,,2023
K4A,4,A,CODR,6.71,8,,2023
K4A,4,A,CODR,9.46,8,,2023
K4A,4,A,CODR,5.43,8,,2023
K4A,4,A,CODR,4.44,8,,2023
K4A,4,A,CODR,9.29,8,,2023
K4A,4,A,CODR,7.05,8,,2023
K4A,4,A,PRAM,5.53,8,,2023
K4A,4,A,RHGL,4.04,8,,2023
K4A,4,A,CODR,8.1,10,,2023
K4A,4,A,CODR,6.7,10,,2023
K4A,4,A,CODR,7.57,10,,2023
K4A,4,A,CODR,5.19,10,,2023
K4A,4,A,CODR,8.58,10,,2023
K4A,4,A,CODR,4.42,10,,2023
K4A,4,A,CODR,5.44,10,,2023
K4A,4,A,PRAM,5.99,10,,2023
K4A,4,A,CODR,6.63,12,,2023
K4A,4,A,CODR,7.13,12,,2023
K4A,4,A,PRAM,4.67,12,,2023
K4A,4,A,PRAM,5.16,12,,2023
K4A,4,A,PRAM,4.45,14,,2023
K4A,4,A,PRAM,5.37,14,,2023
K4A,4,A,CODR,4.87,14,,2023
K4A,4,A,CODR,5.99,14,,2023
K4A,4,A,PRAM,4.04,16,,2023
K4A,4,A,PRAM,4.81,16,,2023
K4A,4,A,CODR,4.38,18,,2023
K4A,4,A,CODR,6.43,20,,2023
K4A,4,A,CODR,6.68,20,,2023
K4A,4,A,CODR,8.03,20,,2023
K4A,4,B,PRAM,3.93,22,,2023
K4A,4,B,PRAM,4.31,22,,2023
K4A,4,B,PRAM,5.61,22,,2023
K4A,4,C,PRAM,8.76,4,,2023
K4A,4,C,PRAM,8.96,8,,2023
K4A,4,C,CODR,4.19,8,,2023
K4A,4,C,CODR,6.14,10,,2023
K4A,4,C,CODR,2.96,10,,2023
K4A,4,C,PRAM,6.04,10,,2023
K4A,4,C,PRAM,5.8,10,,2023
K4A,4,C,PRAM,7.45,10,,2023
K4A,4,C,CODR,10.23,12,,2023
K4A,4,C,CODR,7.16,12,,2023
K4A,4,C,CODR,6.09,12,,2023
K4A,4,C,CODR,8.42,12,,2023
K4A,4,C,CODR,17.38,12,,2023
K4A,4,C,CODR,5.82,12,,2023
K4A,4,C,CODR,8.91,12,,2023
K4A,4,C,CODR,5.75,16,,2023
K4A,5,A,CODR,8.38,2,,2023
K4A,5,A,CODR,9.68,2,,2023
K4A,5,A,CODR,4.72,2,,2023
K4A,5,A,CODR,6.97,2,,2023
K4A,5,A,CODR,8.36,2,,2023
K4A,5,A,CODR,8.1,2,,2023
K4A,5,A,CODR,6.53,4,,2023
K4A,5,A,CODR,4.98,4,,2023
K4A,5,A,CODR,9.43,4,,2023
K4A,5,A,CODR,10.34,6,,2023
K4A,5,A,CODR,8.8,6,,2023
K4A,5,A,CODR,4.38,6,,2023
K4A,5,A,CODR,7.71,6,,2023
K4A,5,A,CODR,1.85,6,,2023
K4A,5,A,CODR,7.9,10,,2023
K4A,5,A,CODR,4.79,10,,2023
K4A,5,A,CODR,4.96,10,,2023
K4A,5,A,CODR,8.5,10,,2023
K4A,5,A,CODR,7.78,10,,2023
K4A,5,A,RHGL,6.81,20,,2023
K4A,5,B,CODR,5.15,2,,2023
K4A,5,B,CODR,6.28,2,,2023
K4A,5,B,CODR,6.49,2,,2023
K4A,5,B,CODR,4.92,2,,2023
K4A,5,B,CODR,3.48,2,,2023
K4A,5,B,CODR,6.76,2,,2023
K4A,5,B,CODR,7.68,2,,2023
K4A,5,B,CODR,6.49,2,,2023
K4A,5,B,CODR,7.71,4,,2023
K4A,5,B,CODR,3.14,4,,2023
K4A,5,B,CODR,5.94,4,,2023
K4A,5,B,CODR,4.28,4,,2023
K4A,5,B,CODR,6.46,4,,2023
K4A,5,B,CODR,7.72,4,,2023
K4A,5,B,CODR,1.92,4,,2023
K4A,5,B,CODR,7.02,4,,2023
K4A,5,B,CODR,7.05,6,,2023
K4A,5,B,CODR,4.95,6,,2023
K4A,5,B,CODR,5.08,6,,2023
K4A,5,B,CODR,8.49,8,,2023
K4A,5,B,CODR,3.9,8,,2023
K4A,5,B,CODR,7.99,8,,2023
K4A,5,B,CODR,5.7,8,,2023
K4A,5,B,CODR,4.55,10,,2023
K4A,5,B,CODR,4.44,10,,2023
K4A,5,B,CODR,3.72,10,,2023
K4A,5,B,CODR,1.95,10,,2023
K4A,5,B,CODR,6.07,12,,2023
K4A,5,B,CODR,3.92,12,,2023
K4A,5,B,CODR,4.97,16,,2023
K4A,5,B,CODR,3.38,16,,2023
K4A,5,B,CODR,3.48,16,,2023
K4A,5,B,CODR,8.2,18,,2023
K4A,5,B,CODR,8,20,,2023
K4A,5,B,CODR,7.98,22,,2023
K4A,5,B,CODR,8.87,22,,2023
K4A,5,B,CODR,8.46,22,,2023
K4A,5,B,CODR,5.17,22,,2023
K4A,5,C,CODR,3.6,2,,2023
K4A,5,C,CODR,4.37,2,,2023
K4A,6,A,CODR,8.28,2,,2023
K4A,6,A,CODR,7.82,2,,2023
K4A,6,A,CODR,4.42,2,,2023
K4A,6,A,CODR,14.18,4,,2023
K4A,6,A,CODR,16.85,4,,2023
K4A,6,A,CODR,4.11,4,,2023
K4A,6,A,CODR,3.03,4,,2023
K4A,6,A,CODR,15.54,4,,2023
K4A,6,A,RHGL,10.55,4,,2023
K4A,6,A,CODR,10.23,6,,2023
K4A,6,A,CODR,17.1,6,,2023
K4A,6,A,CODR,8.22,6,,2023
K4A,6,A,CODR,11.92,6,,2023
K4A,6,A,CODR,14.78,6,,2023
K4A,6,A,RHGL,5.68,6,,2023
K4A,6,A,RHGL,10.82,8,,2023
K4A,6,A,RHGL,8.56,8,,2023
K4A,6,A,CODR,5.72,8,,2023
K4A,6,A,CODR,6.35,10,,2023
K4A,6,A,CODR,7.9,10,,2023
K4A,6,A,RHGL,5.39,16,,2023
K4A,6,A,RHGL,6.56,18,,2023
K4A,6,A,RHGL,7.89,20,,2023
K4A,6,A,RHGL,9.44,22,,2023
K4A,6,B,CODR,6.65,2,,2023
K4A,6,B,CODR,5.31,2,,2023
K4A,6,B,CODR,4.16,2,,2023
K4A,6,B,CODR,3.14,2,,2023
K4A,6,B,RHGL,10.66,2,,2023
K4A,6,B,CODR,6.33,2,,2023
K4A,6,B,CODR,6.87,4,,2023
K4A,6,B,CODR,5.86,4,,2023
K4A,6,B,CODR,6.73,4,,2023
K4A,6,B,RHGL,10,4,,2023
K4A,6,B,CODR,9.85,6,,2023
K4A,6,B,CODR,2.05,8,,2023
K4A,6,B,CODR,9.46,8,,2023
K4A,6,B,CODR,3.43,8,,2023
K4A,6,B,CODR,7.27,10,,2023
K4A,6,B,CODR,8.84,10,,2023
K4A,6,B,CODR,3.64,10,,2023
K4A,6,B,CODR,2.91,10,,2023
K4A,6,B,CODR,6.88,10,,2023
K4A,6,B,CODR,10.51,10,,2023
K4A,6,B,CODR,9.3,12,,2023
K4A,6,B,CODR,6.24,12,,2023
K4A,6,B,CODR,5.54,12,,2023
K4A,6,B,CODR,12.13,14,,2023
K4A,6,B,CODR,16,14,,2023
K4A,6,B,CODR,7.6,14,,2023
K4A,6,B,CODR,15.57,14,,2023
K4A,6,B,CODR,10.1,16,,2023
K4A,6,B,CODR,4.92,16,,2023
K4A,6,B,CODR,2.9,16,,2023
K4A,6,B,CODR,12.4,16,,2023
K4A,6,B,CODR,15.68,16,,2023
K4A,6,B,CODR,10.88,16,,2023
K4A,6,B,CODR,4.08,16,,2023
K4A,6,B,CODR,15.53,18,,2023
K4A,6,B,CODR,9.02,18,,2023
K4A,6,B,CODR,11.26,20,,2023
K4A,6,B,CODR,10.18,20,,2023
K4A,6,B,CODR,11.3,20,,2023
K4A,6,B,CODR,4.55,22,,2023
K4A,6,B,CODR,5.07,22,,2023
K4A,6,B,CODR,2.73,22,,2023
K4A,6,C,CODR,3.75,2,,2023
K4A,6,C,CODR,4.95,2,,2023
K4A,6,C,CODR,8.39,4,,2023
K4A,6,C,RHGL,8.99,4,,2023
K4A,6,C,CODR,8.72,6,,2023
K4A,6,C,CODR,5.19,8,,2023
K4A,6,C,CODR,7.49,8,,2023
K4A,6,C,CODR,10.56,10,,2023
K4A,6,C,CODR,12.04,10,,2023
K4A,6,C,CODR,11.33,10,,2023
K4A,6,C,RHGL,5.21,10,,2023
K4A,6,C,CODR,6.17,12,,2023
K4A,6,C,RHGL,10.28,12,,2023
K4A,6,C,RHGL,12.37,12,,2023
K4A,6,C,CODR,5.3,14,,2023
K4A,6,C,CODR,9.31,14,,2023
K4A,6,C,CODR,4.1,14,,2023
K4A,6,C,CODR,3.77,16,,2023
K4A,6,C,CODR,15.44,16,,2023
K4A,6,C,CODR,22.43,16,,2023
K4A,6,C,CODR,14.72,18,,2023
K4A,6,C,CODR,10.74,18,,2023
K4A,6,C,CODR,10.13,18,,2023
K4A,6,C,CODR,5.15,18,,2023
K4A,6,C,CODR,10.73,18,,2023
K4A,6,C,CODR,10.25,18,,2023
K4A,6,C,CODR,5.92,18,,2023
K4A,6,C,RHGL,10.75,18,,2023
K4A,6,C,CODR,10.24,20,,2023
K4A,6,C,CODR,7.2,20,,2023
K4A,6,C,CODR,6.59,20,,2023
K4A,6,C,CODR,2.59,20,,2023
K4A,6,C,CODR,4.22,20,,2023
K4A,6,C,CODR,3.32,20,,2023
K4A,6,C,CODR,10.18,22,,2023
K4A,6,C,CODR,12.64,22,,2023
K4A,6,C,CODR,14.07,22,,2023
K4A,6,C,RHGL,3.46,22,,2023
K4A,7,A,CODR,4.12,2,,2023
K4A,7,A,CODR,2.75,2,,2023
K4A,7,A,CODR,4.81,2,,2023
K4A,7,A,CODR,12.19,2,,2023
K4A,7,A,CODR,6.76,2,,2023
K4A,7,A,CODR,6.26,2,,2023
K4A,7,A,CODR,6.86,2,,2023
K4A,7,A,CODR,5.76,2,,2023
K4A,7,A,CODR,2.84,2,,2023
K4A,7,A,CODR,7.85,2,,2023
K4A,7,A,CODR,9.77,2,,2023
K4A,7,A,RHGL,10.55,2,,2023
K4A,7,A,RHGL,10.69,2,,2023
K4A,7,A,CODR,3.71,4,,2023
K4A,7,A,CODR,1.73,4,,2023
K4A,7,A,CODR,3.89,4,,2023
K4A,7,A,CODR,6.83,4,,2023
K4A,7,A,CODR,8.25,4,,2023
K4A,7,A,CODR,2.02,4,,2023
K4A,7,A,CODR,4.01,4,,2023
K4A,7,A,CODR,4.48,4,,2023
K4A,7,A,CODR,3.5,4,,2023
K4A,7,A,CODR,3.76,4,,2023
K4A,7,A,CODR,5.84,6,,2023
K4A,7,A,CODR,7.42,6,,2023
K4A,7,A,CODR,5.81,6,,2023
K4A,7,A,CODR,7.92,6,,2023
K4A,7,A,CODR,8.02,6,,2023
K4A,7,A,CODR,6.62,6,,2023
K4A,7,A,CODR,6.61,6,,2023
K4A,7,A,CODR,9.39,6,,2023
K4A,7,A,CODR,5.34,8,,2023
K4A,7,A,CODR,7.66,8,,2023
K4A,7,A,CODR,4.75,8,,2023
K4A,7,A,CODR,9.86,8,,2023
K4A,7,A,CODR,11.67,10,,2023
K4A,7,A,CODR,6.73,10,,2023
K4A,7,A,CODR,3.89,10,,2023
K4A,7,A,CODR,4.04,10,,2023
K4A,7,A,CODR,6.09,10,,2023
K4A,7,A,CODR,9.62,10,,2023
K4A,7,A,CODR,4.02,10,,2023
K4A,7,A,CODR,6.74,10,,2023
K4A,7,A,RHGL,11.43,10,,2023
K4A,7,A,RHAR,6.69,10,,2023
K4A,7,A,CODR,4.17,12,,2023
K4A,7,A,CODR,5.52,12,,2023
K4A,7,A,CODR,7.05,12,,2023
K4A,7,A,CODR,3.41,12,,2023
K4A,7,A,CODR,5.5,12,,2023
K4A,7,A,CODR,6.22,12,,2023
K4A,7,A,CODR,1.7,12,,2023
K4A,7,A,CODR,1.66,12,,2023
K4A,7,A,CODR,1.53,12,,2023
K4A,7,A,CODR,2.5,12,,2023
K4A,7,A,CODR,6.61,14,,2023
K4A,7,A,CODR,2.2,14,,2023
K4A,7,A,CODR,2.63,14,,2023
K4A,7,A,CODR,6.49,14,,2023
K4A,7,A,CODR,9.56,14,,2023
K4A,7,A,CODR,10.74,14,,2023
K4A,7,A,CODR,2.04,14,,2023
K4A,7,A,CODR,6.26,14,,2023
K4A,7,A,CODR,7.84,14,,2023
K4A,7,A,CODR,5.43,16,,2023
K4A,7,A,CODR,4.17,16,,2023
K4A,7,A,CODR,4.05,16,,2023
K4A,7,A,CODR,9.37,16,,2023
K4A,7,A,CODR,9.5,16,,2023
K4A,7,A,CODR,13.01,16,,2023
K4A,7,A,CODR,10.77,16,,2023
K4A,7,A,CODR,2.09,16,,2023
K4A,7,A,CODR,7.42,16,,2023
K4A,7,A,CODR,9.34,18,,2023
K4A,7,A,CODR,10.86,18,,2023
K4A,7,A,CODR,4.08,18,,2023
K4A,7,A,CODR,3.14,18,,2023
K4A,7,A,CODR,2.25,18,,2023
K4A,7,A,CODR,11.03,18,,2023
K4A,7,A,CODR,13.77,18,,2023
K4A,7,A,RHGL,10.18,18,,2023
K4A,7,A,CODR,5.04,20,,2023
K4A,7,A,CODR,6.72,20,,2023
K4A,7,A,CODR,4.36,20,,2023
K4A,7,A,CODR,2.74,20,,2023
K4A,7,A,CODR,5.71,20,,2023
K4A,7,A,CODR,3.98,20,,2023
K4A,7,A,CODR,1.9,20,,2023
K4A,7,A,CODR,9.86,22,,2023
K4A,7,A,CODR,5.53,22,,2023
K4A,7,A,CODR,7.21,22,,2023
K4A,7,A,CODR,4.94,22,,2023
K4A,7,B,RHGL,5.89,8,,2023
K4A,7,B,RHGL,7.72,10,,2023
K4A,7,B,RHGL,8.21,14,,2023
K4A,7,B,RHGL,10.6,14,,2023
K4A,7,B,RHGL,10.74,14,,2023
K4A,7,B,RHGL,8.58,16,,2023
K4A,7,B,RHGL,5.14,20,,2023
K4A,7,C,RHGL,6.12,2,,2023
K4A,7,C,CODR,5.67,2,,2023
K4A,7,C,CODR,9.1,2,,2023
K4A,7,C,CODR,6.29,4,,2023
K4A,7,C,CODR,5.22,4,,2023
K4A,7,C,CODR,6.53,4,,2023
K4A,7,C,CODR,4.62,4,,2023
K4A,7,C,CODR,7.87,4,,2023
K4A,7,C,CODR,4.73,4,,2023
K4A,7,C,CODR,6.65,4,,2023
K4A,7,C,CODR,7,4,,2023
K4A,7,C,CODR,5.22,4,,2023
K4A,7,C,CODR,7.82,6,,2023
K4A,7,C,CODR,6.96,6,,2023
K4A,7,C,CODR,4.11,6,,2023
K4A,7,C,CODR,8.12,6,,2023
K4A,7,C,CODR,6.11,8,,2023
K4A,7,C,CODR,8.12,8,,2023
K4A,7,C,CODR,4.52,8,,2023
K4A,7,C,CODR,6.35,8,,2023
K4A,7,C,CODR,3.47,8,,2023
K4A,7,C,CODR,4.79,10,,2023
K4A,7,C,CODR,10.62,10,,2023
K4A,7,C,CODR,11.56,10,,2023
K4A,7,C,RHGL,11.17,12,,2023
K4A,7,C,CODR,4.75,12,,2023
K4A,7,C,CODR,4.52,12,,2023
K4A,7,C,CODR,7.84,12,,2023
K4A,7,C,RHGL,7.32,14,,2023
K4A,7,C,CODR,3.44,14,,2023
K4A,7,C,CODR,4.02,14,,2023
K4A,7,C,CODR,6.23,14,,2023
K4A,7,C,CODR,5.65,16,,2023
K4A,7,C,CODR,2.52,16,,2023
K4A,7,C,CODR,9.18,16,,2023
K4A,7,C,RHGL,10.55,16,,2023
K4A,7,C,CODR,11.19,18,,2023
K4A,7,C,CODR,7.21,18,,2023
K4A,7,C,CODR,3.89,18,,2023
K4A,7,C,CODR,2.08,18,,2023
K4A,7,C,CODR,7.29,18,,2023
K4A,7,C,CODR,11.09,18,,2023
K4A,7,C,CODR,8.8,18,,2023
K4A,7,C,CODR,6.22,20,,2023
K4A,7,C,CODR,10.22,20,,2023
K4A,7,C,CODR,9.18,20,,2023
K4A,7,C,CODR,3.43,20,,2023
K4A,7,C,CODR,5.7,20,,2023
K4A,7,C,CODR,2.02,20,,2023
K4A,7,C,RHGL,6.11,20,,2023
K4A,7,C,RHGL,9.31,22,,2023
K4A,7,C,CODR,4.82,22,,2023
K4A,7,C,CODR,8.13,22,,2023
K4A,7,C,CODR,8.28,22,,2023
K4A,7,C,CODR,7.32,22,,2023
K4A,7,C,CODR,8.31,22,,2023
K4A,7,C,CODR,3.35,22,,2023
K4A,7,C,CODR,11.67,22,,2023
K4A,7,C,CODR,8.32,22,,2023
K4A,7,C,CODR,6.02,22,,2023
K4A,7,C,CODR,3.39,22,,2023
K4A,8,A,CODR,6.93,2,,2023
K4A,8,A,CODR,6.61,2,,2023
K4A,8,A,CODR,4.04,2,,2023
K4A,8,A,CODR,4.87,2,,2023
K4A,8,A,CODR,3.94,2,,2023
K4A,8,A,CODR,4.91,2,,2023
K4A,8,A,RHGL,10.27,2,,2023
K4A,8,A,CODR,3.95,4,,2023
K4A,8,A,CODR,4.62,4,,2023
K4A,8,A,CODR,5.15,4,,2023
K4A,8,A,CODR,5.51,4,,2023
K4A,8,A,CODR,8.53,4,,2023
K4A,8,A,CODR,9.03,4,,2023
K4A,8,A,CODR,10.35,4,,2023
K4A,8,A,CODR,9.42,4,,2023
K4A,8,A,CODR,10.79,4,,2023
K4A,8,A,RHGL,6.3,4,,2023
K4A,8,A,RHGL,8.82,4,,2023
K4A,8,A,RHGL,15.03,6,,2023
K4A,8,A,CODR,7.19,6,,2023
K4A,8,A,CODR,2.82,6,,2023
K4A,8,A,CODR,2.03,6,,2023
K4A,8,A,CODR,3.38,8,,2023
K4A,8,A,CODR,6.3,8,,2023
K4A,8,A,CODR,7.32,8,,2023
K4A,8,A,CODR,8.72,8,,2023
K4A,8,A,CODR,7.08,10,,2023
K4A,8,A,CODR,5.1,10,,2023
K4A,8,A,CODR,4.95,10,,2023
K4A,8,A,CODR,7.12,10,,2023
K4A,8,A,CODR,4.39,10,,2023
K4A,8,A,CODR,7.77,10,,2023
K4A,8,A,CODR,3.84,10,,2023
K4A,8,A,CODR,7.19,12,,2023
K4A,8,A,CODR,4.83,12,,2023
K4A,8,A,CODR,11.04,12,,2023
K4A,8,A,CODR,4.92,12,,2023
K4A,8,A,CODR,4.82,12,,2023
K4A,8,A,CODR,8.32,12,,2023
K4A,8,A,CODR,6.27,14,,2023
K4A,8,A,CODR,3.39,14,,2023
K4A,8,A,CODR,5.23,14,,2023
K4A,8,A,CODR,3.51,14,,2023
K4A,8,A,CODR,6.79,16,,2023
K4A,8,A,CODR,2.82,16,,2023
K4A,8,A,CODR,3.15,16,,2023
K4A,8,A,CODR,3.48,16,,2023
K4A,8,A,CODR,5.16,16,,2023
K4A,8,A,CODR,5.73,16,,2023
K4A,8,B,CODR,3.66,2,,2023
K4A,8,B,CODR,3.06,2,,2023
K4A,8,B,CODR,4.16,2,,2023
K4A,8,B,CODR,3.03,2,,2023
K4A,8,B,CODR,5.24,2,,2023
K4A,8,B,CODR,3.72,2,,2023
K4A,8,B,CODR,4.03,2,,2023
K4A,8,B,RHGL,9.91,2,,2023
K4A,8,B,CODR,3.28,4,,2023
K4A,8,B,CODR,4.62,4,,2023
K4A,8,B,CODR,4.94,4,,2023
K4A,8,C,CODR,3.55,2,,2023
K4A,8,C,CODR,2.42,2,,2023
K4A,8,C,CODR,8.02,2,,2023
K4A,8,C,CODR,7.08,2,,2023
K4A,8,C,CODR,6.92,2,,2023
K4A,8,C,CODR,6,4,,2023
K4A,8,C,CODR,6.03,4,,2023
K4A,8,C,CODR,5.58,4,,2023
K4A,8,C,CODR,5.34,4,,2023
K4A,8,C,CODR,8.29,4,,2023
K4A,8,C,CODR,3.01,4,,2023
K4A,8,C,CODR,3.67,4,,2023
K4A,8,C,CODR,3.13,4,,2023
K4A,8,C,CODR,3.34,4,,2023
K4A,8,C,CODR,7.05,4,,2023
K4A,8,C,CODR,5.3,6,,2023
K4A,8,C,CODR,3.56,6,,2023
K4A,8,C,CODR,4.92,6,,2023
K4A,8,C,CODR,4.72,6,,2023
K4A,8,C,CODR,5.3,6,,2023
K4A,8,C,CODR,10.56,6,,2023
K4A,8,C,CODR,5.84,6,,2023
K4A,8,C,CODR,6.6,6,,2023
K4A,8,C,CODR,5.47,8,,2023
K4A,8,C,CODR,6.59,8,,2023
K4A,8,C,CODR,5.92,8,,2023
K4A,8,C,CODR,1.74,8,,2023
K4A,8,C,CODR,2.8,8,,2023
K4A,8,C,CODR,3.54,10,,2023
K4A,8,C,CODR,2.27,10,,2023
K4A,9,A,CODR,5.13,2,,2023
K4A,9,A,CODR,4.11,2,,2023
K4A,9,A,CODR,7.84,2,,2023
K4A,9,A,CODR,4.9,2,,2023
K4A,9,A,CODR,3.25,2,,2023
K4A,9,A,CODR,2.85,2,,2023
K4A,9,A,CODR,5,2,,2023
K4A,9,A,CODR,5.07,2,,2023
K4A,9,A,CODR,4.27,4,,2023
K4A,9,A,CODR,2.95,4,,2023
K4A,9,A,CODR,5.42,4,,2023
K4A,9,A,CODR,4.59,6,,2023
K4A,9,A,CODR,7.78,8,,2023
K4A,9,A,CODR,4.61,8,,2023
K4A,9,A,CODR,2.27,8,,2023
K4A,9,A,CODR,3.5,8,,2023
K4A,9,A,CODR,4.78,8,,2023
K4A,9,A,CODR,3,8,,2023
K4A,9,A,CODR,8.75,14,,2023
K4A,9,A,CODR,5.05,14,,2023
K4A,9,A,CODR,2.54,16,,2023
K4A,9,A,CODR,3.96,16,,2023
K4A,9,B,CODR,9.94,2,,2023
K4A,9,B,CODR,8.65,2,,2023
K4A,9,B,CODR,15.03,2,,2023
K4A,9,B,CODR,11.31,2,,2023
K4A,9,B,CODR,8.04,2,,2023
K4A,9,B,CODR,11.01,4,,2023
K4A,9,B,CODR,8.02,4,,2023
K4A,9,B,CODR,7.32,4,,2023
K4A,9,B,CODR,6.84,4,,2023
K4A,9,B,CODR,6.18,4,,2023
K4A,9,B,CODR,13.95,4,,2023
K4A,9,B,CODR,4.01,4,,2023
K4A,9,B,CODR,2.58,6,,2023
K4A,9,B,CODR,3.49,6,,2023
K4A,9,B,CODR,8.13,6,,2023
K4A,9,B,CODR,2.73,8,,2023
K4A,9,B,CODR,3.21,8,,2023
K4A,9,C,CODR,8.03,2,,2023
K4A,9,C,CODR,5.07,2,,2023
K4A,9,C,CODR,4.97,2,,2023
K4A,9,C,CODR,5.59,2,,2023
K4A,9,C,CODR,4.18,2,,2023
K4A,9,C,CODR,6.16,2,,2023
K4A,9,C,CODR,8.16,2,,2023
K4A,9,C,CODR,5.95,4,,2023
K4A,9,C,CODR,2.41,4,,2023
K4A,9,C,CODR,8.52,4,,2023
K4A,9,C,CODR,7.28,4,,2023
K4A,9,C,CODR,5.72,4,,2023
K4A,9,C,CODR,5.99,10,,2023
K4A,9,C,CODR,4.77,12,,2023
K4A,9,C,CODR,4.61,12,,2023
K4A,9,C,CODR,4.89,12,,2023
K4A,9,C,CODR,5.2,12,,2023
K4A,9,C,CODR,5.24,12,,2023
K4A,9,C,CODR,5.13,12,,2023
K4A,9,C,CODR,3.01,12,,2023
K4A,9,C,CODR,5.19,12,,2023
K4A,9,C,CODR,4.57,12,,2023
K4A,9,C,CODR,4.12,14,,2023
K4A,9,C,CODR,6.85,14,,2023
K4A,9,C,GLTR,4.23,14,,2023
K4A,9,C,CODR,4.51,18,,2023
K4A,9,C,CODR,4.17,18,,2023
K4A,9,C,CODR,4.51,18,,2023
K4A,9,C,CODR,4.24,18,,2023
K4A,9,C,CODR,6.03,22,,2023
K4A,9,C,CODR,6.9,22,,2023
K4A,9,C,CODR,4.24,22,,2023
K4A,9,C,CODR,4.78,22,,2023
K4A,9,C,CODR,5.72,22,,2023
K4A,9,C,CODR,7.28,22,,2023
K4A,10,A,CODR,2.44,6,,2023
K4A,10,A,CODR,4.14,6,,2023
K4A,10,B,CODR,4.13,8,,2023
K4A,10,B,CODR,4.49,10,,2023
K4A,10,B,CODR,3.94,10,,2023
K4A,10,B,CODR,4.07,10,,2023
K4A,10,B,CODR,5.43,10,,2023
K4A,11,C,CODR,4.09,10,,2023
K4A,11,C,CODR,5.6,14,,2023
K4A,11,C,CODR,5.76,14,,2023
K4A,11,C,CODR,4.67,14,,2023
K4A,11,C,CODR,3.24,14,,2023
K4A,12,C,CODR,6.36,2,,2023
K4A,12,C,CODR,6.37,2,,2023
K4A,12,C,CODR,3.76,4,,2023
K4A,12,C,CODR,3.52,4,,2023
K4A,12,C,CODR,5.89,4,,2023
